omega [rad/s]; dynamic stiffness [N/m2]
0.0;-139433680.597+-13943368.0597j
83.3333333333;81516643.9359+244848923.953j
166.666666667;141545765.565+492203275.96j
250.0;50945490.5843+885208127.115j
333.333333333;283093834.262+1342928323.96j
416.666666667;746601519.033+1520646715.84j
500.0;1083561790.78+1310843702.15j
583.333333333;1028087599.42+998242931.926j
666.666666667;745990514.655+872495113.818j
750.0;299664999.991+872041356.148j
